ID,Title,Link,Grade Level,Unit,Subject Area,Probes and Models
2,Seasons: Changing Position of the Sun,http://itsi.portal.concord.org/activities/2.jnlp,Elementary 5-6,Planets and moons,Earth Science,Light,Temperature
3,Seasons: Changing Length of Daylight,http://itsi.portal.concord.org/activities/3.jnlp,Elementary 5-6,Planets and moons,Earth Science,NetLogo,Temperature
4,Moon Phases,http://itsi.portal.concord.org/activities/4.jnlp,Elementary 5-6,Planets and moons,Earth Science,NetLogo
6,Measuring Light,http://itsi.portal.concord.org/activities/6.jnlp,Elementary 3-4,Light,Physical Science,Light
7,Colors of Light,http://itsi.portal.concord.org/activities/7.jnlp,Elementary 3-4,Light,Physical Science,NetLogo
8,Reflection and Transmission of Light,http://itsi.portal.concord.org/activities/8.jnlp,Elementary 3-4,Light,Physical Science,Light
9,Friction,http://itsi.portal.concord.org/activities/9.jnlp,Elementary 3-4,Friction,Physical Science,Force (5N)
10,Conductors and Insulators,http://itsi.portal.concord.org/activities/10.jnlp,Elementary 3-4,Electricity and magnetism,Physical Science,Voltage
13,Insect Sensors,http://itsi.portal.concord.org/activities/13.run_html,Elementary 3-4,Senses,Life Science,Digital Microscope
14,Introducing Soil,http://itsi.portal.concord.org/activities/14.run_html,Elementary 5-6,Soil and rocks,Earth Science,Digital Microscope
16,Crystals,http://itsi.portal.concord.org/activities/16.run_html,Elementary 5-6,Soil and rocks,Earth Science,Digital Microscope,Molecular Workbench
17,Building a Bungee Jump,http://itsi.portal.concord.org/activities/17.jnlp,Elementary 3-4,Playground design,Engineering,Force (5N)
18,Building a Zip Line,http://itsi.portal.concord.org/activities/18.jnlp,Elementary 3-4,Playground design,Engineering,Position
19,Bridges,http://itsi.portal.concord.org/activities/19.jnlp,Elementary 3-4,Structures,Engineering,Force (5N),Force (50N)
20,Buildings and Earthquakes,http://itsi.portal.concord.org/activities/20.jnlp,Elementary 3-4,Structures,Engineering,Force (5N),Force (50N)
21,Solar Oven,http://itsi.portal.concord.org/activities/21.jnlp,Elementary 3-4,Energy production,Engineering,Temperature
22,Wind Generator,http://itsi.portal.concord.org/activities/22.jnlp,Elementary 3-4,Energy production,Engineering,Voltage
23,Weaving a Parabola Web,http://itsi.portal.concord.org/activities/23.jnlp,Math,Algebra,Math,Seeing Math: Quadratic Transformer
24,Graphing Motion,http://itsi.portal.concord.org/activities/24.jnlp,Math,Algebra,Math,Seeing Math: Qualitative Grapher
25,Transforming Linear Functions,http://itsi.portal.concord.org/activities/25.jnlp,Math,Algebra,Math,Seeing Math: Linear Transformer
26,Solving Linear Equations,http://itsi.portal.concord.org/activities/26.jnlp,Math,Algebra,Math,Seeing Math: Function Analyzer
27,Got a Plan?,http://itsi.portal.concord.org/activities/27.jnlp,Math,Algebra,Math,Seeing Math: Piecewise Linear Grapher
28,Heat Conduction,http://itsi.portal.concord.org/activities/28.run_html,High School,Heat Transfer,Physics,Molecular Workbench
29,Heat Conduction: Molecular View,http://itsi.portal.concord.org/activities/29.jnlp,High School,Heat Transfer,Physics,Molecular Workbench
30,Thermal Radiation,http://itsi.portal.concord.org/activities/30.jnlp,High School,Heat Transfer,Physics,Molecular Workbench,Temperature
31,Periodic Table,http://itsi.portal.concord.org/activities/31.jnlp,High School,Atomic Structure,Chemistry,Molecular Workbench
32,Molecular Geometry,http://itsi.portal.concord.org/activities/32.jnlp,High School,Atomic Structure,Chemistry,Molecular Workbench
33,Probability Clouds,http://itsi.portal.concord.org/activities/33.jnlp,High School,Atomic Structure,Chemistry,Molecular Workbench
34,Energy Levels,http://itsi.portal.concord.org/activities/34.jnlp,High School,Atomic Structure,Chemistry,Molecular Workbench
35,Ideal Gas Law,http://itsi.portal.concord.org/activities/35.run_html,High School,Gas Laws,Chemistry,Molecular Workbench
36,Boyle's Law,http://itsi.portal.concord.org/activities/36.jnlp,High School,Gas Laws,Chemistry,Molecular Workbench,Pressure
37,Charles's Law,http://itsi.portal.concord.org/activities/37.jnlp,High School,Gas Laws,Chemistry,Molecular Workbench,Temperature
38,Body Temperature: Thermoregulation,http://itsi.portal.concord.org/activities/38.jnlp,High School,Human Body,Biology,Temperature
39,Respiratory Rate During Exercise,http://itsi.portal.concord.org/activities/39.jnlp,High School,Human Body,Biology,Temperature
40,Transpiration,http://itsi.portal.concord.org/activities/40.jnlp,Middle School,Photosynthesis,Life Science,Relative Humidity,Temperature
41,Leaf Photosynthesis,http://itsi.portal.concord.org/activities/41.jnlp,Middle School,Photosynthesis,Life Science,NetLogo
43,Worms,http://itsi.portal.concord.org/activities/43.jnlp,High School,Ecosystems,Biology,NetLogo
44,Wolf Sheep Predation,http://itsi.portal.concord.org/activities/44.jnlp,High School,Ecosystems,Biology,NetLogo
45,Population Balance,http://itsi.portal.concord.org/activities/45.jnlp,High School,Populations (HS),Biology,NetLogo
46,Population Explosion,http://itsi.portal.concord.org/activities/46.jnlp,High School,Populations (HS),Biology,NetLogo
47,Extinction,http://itsi.portal.concord.org/activities/47.jnlp,High School,Populations (HS),Biology,NetLogo
48,A Selection Pressure,http://itsi.portal.concord.org/activities/48.jnlp,High School,Evolution,Biology,NetLogo
49,Conflicting Selection Pressures,http://itsi.portal.concord.org/activities/49.jnlp,High School,Evolution,Biology,NetLogo
50,Mutations,http://itsi.portal.concord.org/activities/50.jnlp,High School,Evolution,Biology,NetLogo
51,Protein Structure - From DNA to Proteins,http://itsi.portal.concord.org/activities/51.jnlp,High School,Protein Structure,Biology,Molecular Workbench
52,Protein Structure - DNA Mutations MW ITSISU,http://itsi.portal.concord.org/activities/52.run_html,High School,Protein Structure,Biology,Molecular Workbench
53,Making Heat,http://itsi.portal.concord.org/activities/53.jnlp,High School,Heat of Reaction,Chemistry,Temperature
54,Baggie Chemistry,http://itsi.portal.concord.org/activities/54.jnlp,High School,Heat of Reaction,Chemistry,Temperature
55,Explosion,http://itsi.portal.concord.org/activities/55.run_html,High School,Heat of Reaction,Chemistry,Molecular Workbench
56,Activation Energy - The Potential of Collisions,http://itsi.portal.concord.org/activities/56.run_html,High School,Heat of Reaction,Chemistry,Molecular Workbench
57,Mixing with Water,http://itsi.portal.concord.org/activities/57.jnlp,High School,Dissolving,Chemistry,Molecular Workbench
58,Dissolving Salt in Water,http://itsi.portal.concord.org/activities/58.jnlp,High School,Dissolving,Chemistry,Molecular Workbench
59,Dissolving and Heat,http://itsi.portal.concord.org/activities/59.jnlp,High School,Dissolving,Chemistry,Temperature
60,Reaction Rates,http://itsi.portal.concord.org/activities/60.jnlp,High School,Driving Forces of Reactions,Chemistry,Molecular Workbench,Temperature
61,Making and Breaking Bonds,http://itsi.portal.concord.org/activities/61.run_html,High School,Driving Forces of Reactions,Chemistry,Molecular Workbench
62,Chemical Reaction Rates,http://itsi.portal.concord.org/activities/62.run_html,High School,Driving Forces of Reactions,Chemistry,Molecular Workbench
63,Making Water,http://itsi.portal.concord.org/activities/63.run_html,High School,Stoichiometry,Chemistry,Molecular Workbench
64,Stoichiometric Calculations,http://itsi.portal.concord.org/activities/64.run_html,High School,Stoichiometry,Chemistry,Molecular Workbench
65,Greenhouse Gases,http://itsi.portal.concord.org/activities/65.jnlp,High School,Climate Change (HS),Physics,NetLogo
66,Energy Balance and Temperature,http://itsi.portal.concord.org/activities/66.jnlp,High School,Climate Change (HS),Physics,NetLogo
67,Magnetic Fields,http://itsi.portal.concord.org/activities/67.jnlp,High School,Magnetic Fields,Physics
68,Electrical Coils,http://itsi.portal.concord.org/activities/68.jnlp,High School,Magnetic Fields,Physics
69,Neon and Fluorescent Lights,http://itsi.portal.concord.org/activities/69.jnlp,High School,Light & Matter,Physics,Custom OTrunk
70,Color Absorption and Reflection,http://itsi.portal.concord.org/activities/70.jnlp,High School,Light & Matter,Physics,NetLogo
71,Ripple Tank,http://itsi.portal.concord.org/activities/71.jnlp,High School,Waves,Physics
72,Interference with Light,http://itsi.portal.concord.org/activities/72.run_html,High School,Waves,Physics
73,The Shape of Sound Waves,http://itsi.portal.concord.org/activities/73.jnlp,High School,Waves,Physics,Sound grapher
74,Taking Waves Apart,http://itsi.portal.concord.org/activities/74.jnlp,High School,Waves,Physics,NetLogo,Sound grapher
75,Gravity Rules in the Skatepark,http://itsi.portal.concord.org/activities/75.jnlp,High School,Ramps & Friction,Physics
76,Motion on a Ramp,http://itsi.portal.concord.org/activities/76.jnlp,High School,Ramps & Friction,Physics,Position
77,Voltage in a Simple Circuit,http://itsi.portal.concord.org/activities/77.run_html,High School,Electricity,Physics
78,Electrostatics,http://itsi.portal.concord.org/activities/78.run_html,High School,Electricity,Physics,PhET,Molecular Workbench
79,Current in a Simple Circuit,http://itsi.portal.concord.org/activities/79.run_html,High School,Electricity,Physics
80,Hit the Wall,http://itsi.portal.concord.org/activities/80.jnlp,High School,Collisions,Physics,Molecular Workbench
81,Elastic Collisions,http://itsi.portal.concord.org/activities/81.jnlp,High School,Collisions,Physics,Molecular Workbench
82,Heating by Hitting,http://itsi.portal.concord.org/activities/82.jnlp,High School,Collisions,Physics,Temperature
83,Forces - Equal and Opposite,http://itsi.portal.concord.org/activities/83.jnlp,High School,Collisions,Physics,Force (5N)
84,Build a Greenhouse,http://itsi.portal.concord.org/activities/84.jnlp,Middle School,Greenhouse,Life Science,Temperature,Light
85,Greenhouse Light and Temperature,http://itsi.portal.concord.org/activities/85.jnlp,Middle School,Greenhouse,Life Science,Light,Temperature
86,Producers and Consumers,http://itsi.portal.concord.org/activities/86.jnlp,Middle School,Populations (MS),Life Science,NetLogo
87,Competition,http://itsi.portal.concord.org/activities/87.jnlp,Middle School,Populations (MS),Life Science,NetLogo
88,Feeling and Measuring Temperature,http://itsi.portal.concord.org/activities/88.jnlp,Middle School,Human Response,Life Science,NetLogo,Temperature
89,Making and Hearing Sounds,http://itsi.portal.concord.org/activities/89.jnlp,Middle School,Human Response,Life Science,Sound grapher
90,Galvanic Skin Response,http://itsi.portal.concord.org/activities/90.jnlp,Middle School,Human Response,Life Science,Voltage
91,Reaction Time,http://itsi.portal.concord.org/activities/91.jnlp,Middle School,Human Response,Life Science,Light Reaction Time,Reaction Time
92,Meiosis,http://itsi.portal.concord.org/activities/92.jnlp,Middle School,Inheritance,Life Science,Biologica
93,Genes and Appearance,http://itsi.portal.concord.org/activities/93.jnlp,Middle School,Inheritance,Life Science,Biologica
94,Tree of Life - Animals,http://itsi.portal.concord.org/activities/94.jnlp,Middle School,Tree of Life,Life Science,Molecular Workbench
95,Tree of Life - Plants,http://itsi.portal.concord.org/activities/95.jnlp,Middle School,Tree of Life,Life Science,Molecular Workbench
96,Heat and Light from Electricity,http://itsi.portal.concord.org/activities/96.jnlp,Middle School,Energy Conversions,Physical Science,Temperature
97,Pressure and Temperature,http://itsi.portal.concord.org/activities/97.jnlp,Middle School,Energy Conversions,Physical Science,Molecular Workbench,Temperature
98,Capacitors: How They Store Energy,http://itsi.portal.concord.org/activities/98.jnlp,Middle School,Energy Conversions,Physical Science,Voltage
99,Diffusion and Osmosis,http://itsi.portal.concord.org/activities/99.run_html,High School,Molecular Motion,Biology,Molecular Workbench
100,Diffusion,http://itsi.portal.concord.org/activities/100.run_html,Middle School,Molecular Motion,Physical Science,Molecular Workbench
101,Brownian Motion,http://itsi.portal.concord.org/activities/101.jnlp,Middle School,Molecular Motion,Physical Science,Molecular Workbench
102,Active Transport,http://itsi.portal.concord.org/activities/102.jnlp,High School,Molecular Motion,Biology,Molecular Workbench
103,Making Waves,http://itsi.portal.concord.org/activities/103.jnlp,Middle School,Motion,Physical Science,Position
104,Seeing Motion,http://itsi.portal.concord.org/activities/104.jnlp,Middle School,Motion,Physical Science,Position
105,"How Loud, How High?",http://itsi.portal.concord.org/activities/105.jnlp,Middle School,Sound,Physical Science,Sound grapher
106,Complex Sounds and Instruments,http://itsi.portal.concord.org/activities/106.jnlp,Middle School,Sound,Physical Science,Sound grapher
107,States of Matter,http://itsi.portal.concord.org/activities/107.run_html,Middle School,Phase Change,Physical Science,Molecular Workbench
108,Latent Heat,http://itsi.portal.concord.org/activities/108.run_html,Middle School,Phase Change,Physical Science,Molecular Workbench
109,Melting Ice,http://itsi.portal.concord.org/activities/109.jnlp,Middle School,Phase Change,Physical Science,Molecular Workbench,Temperature
110,Temperature Versus Heat,http://itsi.portal.concord.org/activities/110.run_html,Middle School,Heat & Temperature,Physical Science,Molecular Workbench
111,Heat Propagation,http://itsi.portal.concord.org/activities/111.jnlp,Middle School,Heat & Temperature,Physical Science,Molecular Workbench
112,Temperature of Mixing Water,http://itsi.portal.concord.org/activities/112.jnlp,Middle School,Heat & Temperature,Physical Science,Temperature
113,Tracking a Storm,http://itsi.portal.concord.org/activities/113.jnlp,Middle School,Weather,Earth Science,Pressure,Relative Humidity,Temperature
114,Evaporative Cooler,http://itsi.portal.concord.org/activities/114.jnlp,Middle School,Weather,Earth Science,Temperature,Relative Humidity
115,Dew Point,http://itsi.portal.concord.org/activities/115.jnlp,Middle School,Weather,Earth Science,Relative Humidity,Temperature
116,Launching a Satellite,http://itsi.portal.concord.org/activities/116.jnlp,Middle School,Solar System,Earth Science,NetLogo
117,Space Station,http://itsi.portal.concord.org/activities/117.jnlp,Middle School,Solar System,Earth Science,NetLogo
118,Our Solar System,http://itsi.portal.concord.org/activities/118.jnlp,Middle School,Solar System,Earth Science,NetLogo
119,Relative Humidity Measurement,http://itsi.portal.concord.org/activities/119.jnlp,Middle School,Water cycle,Earth Science,Temperature
120,Relative Humidity in Micro-environments,http://itsi.portal.concord.org/activities/120.jnlp,Middle School,Water cycle,Earth Science,Relative Humidity
121,Water in Classroom Air,http://itsi.portal.concord.org/activities/121.jnlp,Middle School,Water cycle,Earth Science,Temperature,Relative Humidity
122,Earthquakes Around the World,http://itsi.portal.concord.org/activities/122.run_html,Middle School,Earthquakes,Earth Science
123,Seismic Waves Study,http://itsi.portal.concord.org/activities/123.run_html,Middle School,Earthquakes,Earth Science
124,Comparing Earthquake Depth and Magnitude Patterns Around the World,http://itsi.portal.concord.org/activities/124.run_html,Middle School,Earthquakes,Earth Science
125,Investigating Plate Boundaries,http://itsi.portal.concord.org/activities/125.run_html,Middle School,Earthquakes,Earth Science
126,Radiant Energy,http://itsi.portal.concord.org/activities/126.jnlp,Middle School,Climate Change (MS),Earth Science,NetLogo
127,Energy Balance and Atmosphere,http://itsi.portal.concord.org/activities/127.jnlp,Middle School,Climate Change (MS),Earth Science,NetLogo
128,Greenhouse Effect in a Greenhouse,http://itsi.portal.concord.org/activities/128.jnlp,Middle School,Climate Change (MS),Earth Science,Temperature
129,Urban Heat Island,http://itsi.portal.concord.org/activities/129.jnlp,Middle School,Climate Change (MS),Earth Science,Temperature
130,Introduction to Crystals,http://itsi.portal.concord.org/activities/130.run_html,Middle School,Crystals,Earth Science,Molecular Workbench
131,Molecular Crystals,http://itsi.portal.concord.org/activities/131.jnlp,Middle School,Crystals,Earth Science,Molecular Workbench
132,Variation in Insects,http://itsi.portal.concord.org/activities/132.run_html,Elementary 5-6,Small critters,Life Science,Digital Microscope
134,Sweat,http://itsi.portal.concord.org/activities/134.jnlp,Elementary 5-6,Human Body,Life Science,Temperature
135,Up and Down Motion,http://itsi.portal.concord.org/activities/135.jnlp,Elementary 5-6,Cycles,Physical Science,Position
137,Light Bulbs,http://itsi.portal.concord.org/activities/137.jnlp,Elementary 5-6,Energy transformations,Physical Science,Temperature,Light
138,Solar Cell,http://itsi.portal.concord.org/activities/138.jnlp,Elementary 5-6,Energy transformations,Physical Science,Voltage
139,Levers,http://itsi.portal.concord.org/activities/139.jnlp,Elementary 5-6,Forces and motion,Physical Science,Force (5N)
141,Decomposition of Plants,http://itsi.portal.concord.org/activities/141.run_html,Elementary 3-4,Plants,Life Science,Digital Microscope
142,Weathering Rocks,http://itsi.portal.concord.org/activities/142.jnlp,Elementary 5-6,Soil and rocks,Earth Science,Digital Microscope,Temperature
143,Sensing Temperature,http://itsi.portal.concord.org/activities/143.jnlp,Elementary 3-4,Senses,Life Science,Temperature
144,Water Moving Around the Earth,http://itsi.portal.concord.org/activities/144.jnlp,Elementary 5-6,Water cycle,Earth Science,NetLogo
146,Motors and Generators,http://itsi.portal.concord.org/activities/146.jnlp,Elementary 5-6,Energy transformations,Physical Science,Voltage
147,Penny Warming,http://itsi.portal.concord.org/activities/147.jnlp,Elementary 3-4,Friction,Physical Science,Molecular Workbench,Temperature
148,Lighting a Bulb,http://itsi.portal.concord.org/activities/148.jnlp,Elementary 3-4,Electricity and magnetism,Physical Science,Voltage
149,Making Sounds,http://itsi.portal.concord.org/activities/149.jnlp,Elementary 5-6,Cycles,Physical Science,Sound grapher
150,Water into the Air,http://itsi.portal.concord.org/activities/150.jnlp,Elementary 5-6,Water cycle,Earth Science,Relative Humidity,Temperature
151,Water from the Air,http://itsi.portal.concord.org/activities/151.jnlp,Elementary 5-6,Water cycle,Earth Science,Molecular Workbench,Temperature
192,Pendulums,http://itsi.portal.concord.org/activities/192.jnlp,Elementary 5-6,Cycles,Physical Science,Position
193,Virtual Greenhouse,http://itsi.portal.concord.org/activities/193.run_html,Elementary 3-4,Habitat and life cycles,Life Science,Evolution Readiness
215,Inclined Planes,http://itsi.portal.concord.org/activities/215.jnlp,Elementary 5-6,Forces and motion,Physical Science,Force (5N)
216,Virtual Field,http://itsi.portal.concord.org/activities/216.run_html,Elementary 5-6,Living environments,Life Science,Evolution Readiness
221,Accelerating Bodies,http://itsi.portal.concord.org/activities/221.jnlp,Elementary 5-6,Forces and motion,Physical Science,Position
223,Predator and Prey,http://itsi.portal.concord.org/activities/223.run_html,Elementary 3-4,Habitat and life cycles,Life Science,Evolution Readiness
224,Changing Environments,http://itsi.portal.concord.org/activities/224.run_html,Elementary 5-6,Living environments,Life Science,Evolution Readiness
372,Sprouting Seeds,http://itsi.portal.concord.org/activities/372.run_html,Elementary 3-4,Plants,Life Science,Digital Microscope
374,Brine Shrimp,http://itsi.portal.concord.org/activities/374.jnlp,Elementary 5-6,Small critters,Life Science,Digital Microscope,Temperature
810,Earthworms,http://itsi.portal.concord.org/activities/810.jnlp,Elementary 5-6,Small critters,Life Science,Digital Microscope,Temperature,Light
816,Magnets and Coils,http://itsi.portal.concord.org/activities/816.jnlp,Elementary 3-4,Electricity and magnetism,Physical Science,Voltage
1236,Muscle Fatigue,http://itsi.portal.concord.org/activities/1236.jnlp,Elementary 5-6,Human Body,Life Science,Force (50N)
3044,Convection in a House,http://itsi.portal.concord.org/activities/3044.run_html,Middle School,Energy transformations,Engineering,Molecular Workbench
3310,Measuring Different Colors with Light,http://itsi.portal.concord.org/activities/3310.jnlp,Elementary 3-4,Senses,Life Science,Light
